Model,AUC
DaGAN,0.6576062796103187
FOMM,0.6261329905861168
SadTalker,0.6433689515547306
TalkLip,0.6740020020832488