Model,AUC
DaGAN,0.6721639372974867
FOMM,0.6428431605587326
SadTalker,0.6537465451583484
TalkLip,0.7001906315081928