Model,AUC
DaGAN,0.7110830320393331
FOMM,0.6823598979646399
Sadtalker,0.7011835619878819
TalkLip,0.7290691983948321
