Model,AUC
DaGAN,0.7305076334763697
FOMM,0.7015159918654095
SadTalker,0.7336379808868024
TalkLip,0.7626966133986156
